{
  "C++": {
    "frequency bit test": 0.8596837951986662,
    "identical bit sequence": 0.4776779258047825,
    "longest run of ones": 0.27937709501812835
  },
  "Java": {
    "frequency bit test": 0.7236736098317631,
    "identical bit sequence": 0.2833804596510918,
    "longest run of ones": 0.030694693322152803
  }
}